Summary,Experience,Education Institute,Skills,Honors,Certificates,Questions,Answers
Summary:008e6e7a-5be6-4d6a-af7a-dadd5860f5fc,Experience:c91de04a-6ef9-41c8-aef9-3af4b147282d,"East-West University, Istanbul Arel University, St. Anselm College","Communication, Conducting Meetings, Defining Performance Standards, Emotional Control, Independent Action, Learning, Meeting Deadlines, Motivation, Proposal Writing, Training","Honor:0c4ef21e-8471-4577-a6e3-5c45b9a92828, Honor:28dfb5a6-0941-49b9-ace2-65fc99525db0, Honor:b2a99536-c2e2-4f2c-8a16-3a6f791c3335","Cert:664d81e5-d203-4873-97cf-3cf5a2e5c456, Cert:9649309e-7c61-46c0-81d3-84dc90147260, Cert:d7f498a2-b4e3-4aa0-a783-cfa43821d2d5","Q:a4c0c413-fd3d-4cc1-9bf1-bd9bc2b7300f?, Q:bafccea1-ec1f-40a6-92a7-430e11a0fb03?","A:9699ee53-c42a-4c29-91d6-bf8722a4d518, A:f6024c38-01c0-4f54-93fd-94973b972599"
Summary:113da6e4-c1ca-4486-a5ee-db7b6c16da67,Experience:094173f9-ed8a-468d-b86b-5b90e4ac103a,"Buddhist Acamedy of China, University of Arkansas at Pine Bluff, Yantai University","Budgeting, Creating New Solutions, Innovation, Team Building",Honor:9aa7dc93-316a-44f2-bd62-0c5c2d635112,Cert:1e690af2-1d4f-4687-9e92-e4dfc8019b17,"Q:a4c0c413-fd3d-4cc1-9bf1-bd9bc2b7300f?, Q:bafccea1-ec1f-40a6-92a7-430e11a0fb03?","A:a08a256a-3823-4523-904a-3e3c1b3721f6, A:ec209a9b-1753-4861-8561-62f64909b4b9"
Summary:551a8acd-7b98-4d64-878a-bb8b05c59512,Experience:c366a79b-1184-42a6-b2ea-5186b89aa9a7,"Institute of Industrial Electronics Engineering, Universidad de Palermo, University of Baguio","Communication, Construction, Customer Service, Problem Solving, Service, Technology","Honor:24de9511-347d-4295-960e-1d0d1f39db94, Honor:e09eef1f-c31e-473e-ba1f-52b21f000d86","Cert:4262ebf9-7e8b-4923-90bb-e7d27d971618, Cert:aa0e8965-62aa-4ccd-9767-64dfc1eec3cd","Q:a4c0c413-fd3d-4cc1-9bf1-bd9bc2b7300f?, Q:bafccea1-ec1f-40a6-92a7-430e11a0fb03?","A:2021105b-7ff2-4c9e-820b-76486ae1763c, A:c4adb475-8324-412e-ac44-5a924050aa45"
Summary:61ea1763-8f6f-431c-b333-61844c298700,Experience:19b5ed04-9094-4464-8815-a2f359d7fc21,"Academia Nacional Superior de Orquesta, Chukyo Womens University, South China Construction University","Involvement, Screening Calls","Honor:2dab51d1-d274-42f4-8597-5711dbc4ea42, Honor:9877a9b7-107f-4f55-8042-b2b3b7c6e668, Honor:ae436ddd-17ef-4a8b-9ffe-602579cdc392, Honor:fc362189-8ba5-414a-9161-02640b84d5ac","Cert:0bcc0743-4622-4144-b45c-c27f53ad2106, Cert:53274b57-7940-416f-abd2-5737425dbae1, Cert:5c794214-f008-442e-a314-4810c865f1dc, Cert:6669cf11-2905-4c09-8ec6-36492b0dc684","Q:a4c0c413-fd3d-4cc1-9bf1-bd9bc2b7300f?, Q:bafccea1-ec1f-40a6-92a7-430e11a0fb03?","A:657f2e11-112e-4e89-9865-5e10dd25f29d, A:7e3f1598-1868-4a70-92e4-afc17ae1e309"
Summary:6588a754-de67-4bc9-9de4-ed74d1c94a23,Experience:a8661766-d66c-4c37-8b2d-4bafccfe2096,Universidad Luterana Salvadorena,"Administrative, Creative Thinking, Financial Report Auditing, Locating Missing Documents/Information, Promotions, Training","Honor:5d3ccbe6-6893-4075-b386-28b73dbae0be, Honor:77adc250-7c0d-4a10-a414-94d8e89dab5f, Honor:af75c70d-15ba-49a8-815a-ec21a23425ef, Honor:b792d6a0-8d57-4878-b95b-707c8454d7c8","Cert:48f012f8-5e94-4d86-8462-397f6d555ad5, Cert:9d605cc0-00c6-494b-b4f3-91c4afcf1abf, Cert:9fe4f33b-dd0b-4613-858d-c574b8933623, Cert:a32449ad-9287-4dc7-92d2-11cb9cfdfc71","Q:a4c0c413-fd3d-4cc1-9bf1-bd9bc2b7300f?, Q:bafccea1-ec1f-40a6-92a7-430e11a0fb03?","A:0f469839-0c87-4154-8d19-d8c734bd67be, A:7cdbb4b1-2069-4154-b72f-b6dce03f36a7"
Summary:65cdc77d-4bb6-40da-881b-ccdea08225e4,Experience:8c0819cd-8cdb-41a4-91b3-a49fa88b2dd2,"Hanshin University, Odessa National Marine University","Coaching Individuals, Collaboration, Handling Complaints, Human Resources, Information Search, Monetary Collection, Organizational Management",Honor:01a54b06-ece7-4ea7-aa15-2b8b460f0442,Cert:de11d81d-510a-427f-91ca-56b741e121b8,"Q:a4c0c413-fd3d-4cc1-9bf1-bd9bc2b7300f?, Q:bafccea1-ec1f-40a6-92a7-430e11a0fb03?","A:2e765ac6-ccbf-4e5f-bb3c-9d9a3cf28843, A:eeb49f67-504c-4a0e-b735-ad44899ca479"
Summary:68bb8ad4-f713-45c9-bf87-afd6a0c613e4,Experience:024459f9-0b3e-46b2-a4d9-714603c1ad90,"Ecole Nationale Supérieure des Telecommunications de Paris, Institut National des Postes et Télécommunications, Louisiana State University and Agricultural and Mechanical College","Compiling Statistics, Involvement, Reading Volumes","Honor:3fbe417e-1e8d-4ee1-a5fc-ce9d4eb244c7, Honor:48594db3-4dbd-4d42-a0f8-a0a492cdf510, Honor:82ef8467-5467-4d31-beed-75a83877bb6b, Honor:84b2bc3c-fc0d-4828-8bca-dbcedaf637e7, Honor:a8051b2f-83c3-447d-9024-6cadea909a41","Cert:0fb09535-b790-428b-b840-8a2423e9c49a, Cert:4252ccf3-c833-4051-a9b3-55699037db16, Cert:9332b56e-9110-43d1-9467-23048717eae0, Cert:9f54cc1a-c286-4c86-abdf-9add60d156d6, Cert:ca7b0221-bff2-4065-bea0-7a05cddc3253","Q:a4c0c413-fd3d-4cc1-9bf1-bd9bc2b7300f?, Q:bafccea1-ec1f-40a6-92a7-430e11a0fb03?","A:084a923d-3162-434d-8565-d29b677921e3, A:374bbb9e-c2f1-431e-8320-432e0be1ac28"
Summary:9f54113a-0166-41e3-9686-4f65290bf292,Experience:0af21175-1a3b-4134-89c3-e6c9a541a218,Community College of Denver,"Accuracy, Updating Files","Honor:0f0ece67-e558-4cca-ac45-ac15429d3b6a, Honor:172694af-4a7e-4003-a7d5-9696b1b1817d, Honor:97d6e78f-be05-41ae-a965-f9778620100c, Honor:ecb96cda-523c-42db-80ee-c0c4e6bd57fe, Honor:fef5d57b-512a-48dc-be7d-04ab29b60aa3","Cert:62c840ad-a1b6-4c54-ba28-43f89d315fbe, Cert:be32f640-bd16-4a17-b391-ef03c856b9aa, Cert:ca17e87c-b884-4c02-bf58-21a73775d2f3, Cert:df81e568-879e-4d0f-b969-7e03492f5df2, Cert:e3f197ee-ba9f-4eee-be10-c485aed6d190","Q:a4c0c413-fd3d-4cc1-9bf1-bd9bc2b7300f?, Q:bafccea1-ec1f-40a6-92a7-430e11a0fb03?","A:340d06a7-8e56-46e3-91b1-299d7d6809e7, A:d1653071-c5c0-430d-927f-cd35e8cf4d74"
Summary:dbe58c1e-c478-4f3b-877d-21d06b19e8e6,Experience:1beba618-6654-42bd-bf5c-46502ad7fb7f,"Bethel College Mishawaka, Chalmers University of Technology, Universidade Católica de Petrópolis","Analytical, Emotional Control, Meeting Deadlines, Proposal Writing, Recommendations, Responsibility, Time Management","Honor:a11449f0-f215-4a49-adf9-76f06d59c332, Honor:ea7ad05c-83f6-461f-be82-5185b8287721, Honor:fe08e07f-4f6b-401f-a4f6-84b8be9590d9","Cert:5d9e50a8-dc3e-47a4-ac6b-0e5b6662627a, Cert:b1e0c1b0-0784-46be-9d29-810cea65932a, Cert:e91c009a-cbba-45b0-b2c4-9c144a392e06","Q:a4c0c413-fd3d-4cc1-9bf1-bd9bc2b7300f?, Q:bafccea1-ec1f-40a6-92a7-430e11a0fb03?","A:cecdce0a-bf58-45d2-8c34-1b4729509f72, A:ed87cdf4-37d0-4cc6-b89b-ed88a5bd2781"
